{"id":"7A945CF7-38BF-4DB4-950C-96AC95DE4DC3","validationEntity":{"analysedDataType":"auto","dataResult":{}},"modelEntity":{},"version":"1.0","settingEntity":{"seedType":"default","transferLearningEmbeddingType":"dynamic","generalClassifierType":{"auto":{}},"generalRegressorType":{"auto":{}},"augmentations":[],"algorithmType":"maxEnt"},"state":"uninitialized","trainingEntity":{"progress":[],"analysedDataType":"choose","dataResult":{}},"createdDate":"2021-01-27 12:27:48","transientEvaluationState":"none","evaluationState":"uninitialized","title":"MyObjectDetector 1","evaluationEntity":{"analysedDataType":"none","dataResult":{}},"modifiedDate":"2021-01-27 12:28:24","transientState":"none","preferredFilename":"MyObjectDetector 1"}