{"id":"0D7AB229-D520-41F7-BA18-01F771950AFC","validationEntity":{"analysedDataType":"auto","dataResult":{}},"modelEntity":{},"version":"1.0","settingEntity":{"seedType":"default","transferLearningEmbeddingType":"dynamic","generalClassifierType":{"auto":{}},"generalRegressorType":{"auto":{}},"augmentations":[],"algorithmType":"maxEnt"},"state":"uninitialized","trainingEntity":{"progress":[],"analysedDataType":"choose","dataResult":{}},"createdDate":"2021-01-27 12:29:35","transientEvaluationState":"none","evaluationState":"uninitialized","title":"MyObjectDetector 5","evaluationEntity":{"analysedDataType":"none","dataResult":{}},"modifiedDate":"2021-01-27 12:29:35","transientState":"none","preferredFilename":"MyObjectDetector 5"}