{"id":"F70B5E5A-4791-4998-A949-E8E52EAADEF6","validationEntity":{"analysedDataType":"auto","dataResult":{}},"modelEntity":{},"version":"1.0","settingEntity":{"seedType":"default","transferLearningEmbeddingType":"dynamic","generalClassifierType":{"auto":{}},"generalRegressorType":{"auto":{}},"augmentations":[],"algorithmType":"maxEnt"},"state":"uninitialized","trainingEntity":{"progress":[],"analysedDataType":"choose","dataResult":{}},"createdDate":"2021-01-27 12:28:13","transientEvaluationState":"none","evaluationState":"uninitialized","title":"MyObjectDetector 4","evaluationEntity":{"analysedDataType":"none","dataResult":{}},"modifiedDate":"2021-01-27 12:28:13","transientState":"none","preferredFilename":"MyObjectDetector 4"}