{"id":"0AEA6E48-30A3-4F17-A99F-0EB827F6D848","validationEntity":{"analysedDataType":"auto","dataResult":{}},"modelEntity":{},"version":"1.0","settingEntity":{"seedType":"default","transferLearningEmbeddingType":"dynamic","generalClassifierType":{"auto":{}},"generalRegressorType":{"auto":{}},"augmentations":[],"algorithmType":"maxEnt"},"state":"uninitialized","trainingEntity":{"progress":[],"analysedDataType":"choose","dataResult":{}},"createdDate":"2021-01-27 12:27:58","transientEvaluationState":"none","evaluationState":"uninitialized","title":"MyObjectDetector 2","evaluationEntity":{"analysedDataType":"none","dataResult":{}},"modifiedDate":"2021-01-27 12:27:58","transientState":"none","preferredFilename":"MyObjectDetector 2"}