{"id":"68CF2C11-3F81-4BAA-A488-535D914D31E9","validationEntity":{"analysedDataType":"auto","dataResult":{}},"modelEntity":{},"version":"1.0","settingEntity":{"seedType":"default","transferLearningEmbeddingType":"dynamic","generalClassifierType":{"auto":{}},"generalRegressorType":{"auto":{}},"augmentations":[],"algorithmType":"maxEnt"},"state":"uninitialized","trainingEntity":{"progress":[],"analysedDataType":"choose","dataResult":{}},"createdDate":"2021-01-27 12:28:00","transientEvaluationState":"none","evaluationState":"uninitialized","title":"MyObjectDetector 3","evaluationEntity":{"analysedDataType":"none","dataResult":{}},"modifiedDate":"2021-01-27 12:28:00","transientState":"none","preferredFilename":"MyObjectDetector 3"}